[
    {
      "name": "Benjamin",
      "last": "Conrad",
      "gender": "male",
      "company": "PORTALINE",
      "email": "benjaminconrad@portaline.com",
      "phone": "+44 (933) 583-3096",
      "registered": "2014-11-09 09:44:47",
      "staff": true
    },
    {
      "name": "Ladonna",
      "last": "Clemons",
      "gender": "female",
      "company": "COMTENT",
      "email": "ladonnaclemons@comtent.com",
      "phone": "+44 (941) 549-2200",
      "registered": "2015-12-08 08:16:16",
      "staff": false
    },
    {
      "name": "Amelia",
      "last": "Salazar",
      "gender": "female",
      "company": "NORSUP",
      "email": "ameliasalazar@norsup.com",
      "phone": "+44 (933) 413-3005",
      "registered": "2017-01-10 05:08:52",
      "staff": true
    },
    {
      "name": "Byrd",
      "last": "Blackwell",
      "gender": "male",
      "company": "PRIMORDIA",
      "email": "byrdblackwell@primordia.com",
      "phone": "+44 (887) 400-3416",
      "registered": "2016-06-06 01:31:14",
      "staff": true
    },
    {
      "name": "Arnold",
      "last": "House",
      "gender": "male",
      "company": "MANTRO",
      "email": "arnoldhouse@mantro.com",
      "phone": "+44 (837) 559-2678",
      "registered": "2015-08-14 11:25:30",
      "staff": true
    },
    {
      "name": "Stella",
      "last": "Kline",
      "gender": "female",
      "company": "PETIGEMS",
      "email": "stellakline@petigems.com",
      "phone": "+44 (846) 584-3870",
      "registered": "2018-11-28 06:30:25",
      "staff": false
    },
    {
      "name": "Sonya",
      "last": "Barber",
      "gender": "female",
      "company": "KEENGEN",
      "email": "sonyabarber@keengen.com",
      "phone": "+44 (888) 431-2347",
      "registered": "2018-03-23 04:30:26",
      "staff": false
    },
    {
      "name": "Sophia",
      "last": "Doyle",
      "gender": "female",
      "company": "XANIDE",
      "email": "sophiadoyle@xanide.com",
      "phone": "+44 (979) 559-2191",
      "registered": "2014-03-29 11:30:46",
      "staff": false
    },
    {
      "name": "Megan",
      "last": "Riddle",
      "gender": "female",
      "company": "VISUALIX",
      "email": "meganriddle@visualix.com",
      "phone": "+44 (806) 553-2281",
      "registered": "2014-05-19 11:20:41",
      "staff": false
    },
    {
      "name": "Barbara",
      "last": "Bates",
      "gender": "female",
      "company": "SLOFAST",
      "email": "barbarabates@slofast.com",
      "phone": "+44 (811) 572-3461",
      "registered": "2014-02-11 01:40:08",
      "staff": false
    },
    {
      "name": "Maldonado",
      "last": "Harrington",
      "gender": "male",
      "company": "MONDICIL",
      "email": "maldonadoharrington@mondicil.com",
      "phone": "+44 (872) 533-3015",
      "registered": "2015-12-27 10:49:06",
      "staff": true
    },
    {
      "name": "Avis",
      "last": "Griffin",
      "gender": "female",
      "company": "ORGANICA",
      "email": "avisgriffin@organica.com",
      "phone": "+44 (852) 519-3204",
      "registered": "2017-09-13 01:45:29",
      "staff": true
    },
    {
      "name": "Schwartz",
      "last": "Welch",
      "gender": "male",
      "company": "DUOFLEX",
      "email": "schwartzwelch@duoflex.com",
      "phone": "+44 (835) 465-3135",
      "registered": "2014-11-19 11:21:01",
      "staff": false
    },
    {
      "name": "Opal",
      "last": "Morin",
      "gender": "female",
      "company": "SURETECH",
      "email": "opalmorin@suretech.com",
      "phone": "+44 (987) 498-3506",
      "registered": "2018-07-11 10:52:19",
      "staff": false
    },
    {
      "name": "Preston",
      "last": "Jacobson",
      "gender": "male",
      "company": "KYAGURU",
      "email": "prestonjacobson@kyaguru.com",
      "phone": "+44 (918) 485-2793",
      "registered": "2015-10-07 04:02:57",
      "staff": true
    },
    {
      "name": "Rita",
      "last": "Lancaster",
      "gender": "female",
      "company": "ZINCA",
      "email": "ritalancaster@zinca.com",
      "phone": "+44 (957) 542-3089",
      "registered": "2015-11-18 01:36:00",
      "staff": false
    },
    {
      "name": "Farrell",
      "last": "Bush",
      "gender": "male",
      "company": "NETROPIC",
      "email": "farrellbush@netropic.com",
      "phone": "+44 (859) 581-3296",
      "registered": "2018-02-11 10:01:03",
      "staff": true
    },
    {
      "name": "Cleveland",
      "last": "Chase",
      "gender": "male",
      "company": "MALATHION",
      "email": "clevelandchase@malathion.com",
      "phone": "+44 (846) 444-2646",
      "registered": "2018-08-25 03:26:48",
      "staff": false
    },
    {
      "name": "Koch",
      "last": "Owens",
      "gender": "male",
      "company": "SOFTMICRO",
      "email": "kochowens@softmicro.com",
      "phone": "+44 (836) 474-3689",
      "registered": "2016-05-03 06:37:39",
      "staff": true
    },
    {
      "name": "Michele",
      "last": "Lee",
      "gender": "female",
      "company": "MACRONAUT",
      "email": "michelelee@macronaut.com",
      "phone": "+44 (965) 525-3643",
      "registered": "2014-04-19 01:45:25",
      "staff": true
    },
    {
      "name": "Lidia",
      "last": "Riley",
      "gender": "female",
      "company": "NAVIR",
      "email": "lidiariley@navir.com",
      "phone": "+44 (808) 406-2539",
      "registered": "2016-05-18 07:16:01",
      "staff": false
    },
    {
      "name": "Evangelina",
      "last": "Jenkins",
      "gender": "female",
      "company": "MOMENTIA",
      "email": "evangelinajenkins@momentia.com",
      "phone": "+44 (848) 472-2139",
      "registered": "2014-12-31 03:02:07",
      "staff": false
    },
    {
      "name": "Olga",
      "last": "Hayden",
      "gender": "female",
      "company": "UPLINX",
      "email": "olgahayden@uplinx.com",
      "phone": "+44 (903) 496-3925",
      "registered": "2017-05-23 12:50:48",
      "staff": false
    },
    {
      "name": "Brittany",
      "last": "Vasquez",
      "gender": "female",
      "company": "RAMJOB",
      "email": "brittanyvasquez@ramjob.com",
      "phone": "+44 (916) 442-2574",
      "registered": "2018-05-25 08:05:18",
      "staff": true
    },
    {
      "name": "Fannie",
      "last": "Conner",
      "gender": "female",
      "company": "ZENTIX",
      "email": "fannieconner@zentix.com",
      "phone": "+44 (940) 497-3151",
      "registered": "2016-10-07 06:27:01",
      "staff": true
    },
    {
      "name": "Tamera",
      "last": "Pate",
      "gender": "female",
      "company": "BOINK",
      "email": "tamerapate@boink.com",
      "phone": "+44 (878) 500-2479",
      "registered": "2018-08-23 11:24:18",
      "staff": true
    },
    {
      "name": "Sharon",
      "last": "Dudley",
      "gender": "female",
      "company": "SLOGANAUT",
      "email": "sharondudley@sloganaut.com",
      "phone": "+44 (872) 509-2705",
      "registered": "2018-03-10 11:44:17",
      "staff": true
    },
    {
      "name": "Zelma",
      "last": "Harrison",
      "gender": "female",
      "company": "FURNITECH",
      "email": "zelmaharrison@furnitech.com",
      "phone": "+44 (808) 544-3714",
      "registered": "2016-08-21 03:23:24",
      "staff": true
    },
    {
      "name": "Susan",
      "last": "Hull",
      "gender": "female",
      "company": "SUREPLEX",
      "email": "susanhull@sureplex.com",
      "phone": "+44 (859) 502-3624",
      "registered": "2014-09-03 04:58:45",
      "staff": false
    },
    {
      "name": "Margarita",
      "last": "Delgado",
      "gender": "female",
      "company": "HONOTRON",
      "email": "margaritadelgado@honotron.com",
      "phone": "+44 (994) 517-2222",
      "registered": "2015-01-12 12:44:49",
      "staff": false
    },
    {
      "name": "Hoffman",
      "last": "Stanley",
      "gender": "male",
      "company": "EXTRAWEAR",
      "email": "hoffmanstanley@extrawear.com",
      "phone": "+44 (841) 588-2908",
      "registered": "2014-05-30 02:46:13",
      "staff": false
    },
    {
      "name": "Tricia",
      "last": "Duke",
      "gender": "female",
      "company": "PYRAMIS",
      "email": "triciaduke@pyramis.com",
      "phone": "+44 (801) 504-2832",
      "registered": "2014-03-20 06:21:58",
      "staff": true
    },
    {
      "name": "Carly",
      "last": "Fisher",
      "gender": "female",
      "company": "NIMON",
      "email": "carlyfisher@nimon.com",
      "phone": "+44 (884) 408-3365",
      "registered": "2019-09-18 10:32:27",
      "staff": false
    },
    {
      "name": "Chase",
      "last": "Weaver",
      "gender": "male",
      "company": "YOGASM",
      "email": "chaseweaver@yogasm.com",
      "phone": "+44 (813) 597-3467",
      "registered": "2014-01-03 09:17:29",
      "staff": true
    },
    {
      "name": "Underwood",
      "last": "Snow",
      "gender": "male",
      "company": "QUORDATE",
      "email": "underwoodsnow@quordate.com",
      "phone": "+44 (893) 547-3217",
      "registered": "2018-03-24 05:12:36",
      "staff": false
    },
    {
      "name": "Maricela",
      "last": "Maxwell",
      "gender": "female",
      "company": "INTRADISK",
      "email": "maricelamaxwell@intradisk.com",
      "phone": "+44 (946) 488-2466",
      "registered": "2019-03-09 11:02:53",
      "staff": true
    },
    {
      "name": "Sheryl",
      "last": "Mendez",
      "gender": "female",
      "company": "POOCHIES",
      "email": "sherylmendez@poochies.com",
      "phone": "+44 (921) 540-3877",
      "registered": "2019-01-02 02:22:02",
      "staff": false
    },
    {
      "name": "Kristen",
      "last": "Mclaughlin",
      "gender": "female",
      "company": "SPACEWAX",
      "email": "kristenmclaughlin@spacewax.com",
      "phone": "+44 (803) 469-2099",
      "registered": "2016-04-07 10:36:54",
      "staff": true
    },
    {
      "name": "Gabriela",
      "last": "Simon",
      "gender": "female",
      "company": "ENORMO",
      "email": "gabrielasimon@enormo.com",
      "phone": "+44 (943) 592-3632",
      "registered": "2016-02-27 12:13:42",
      "staff": false
    },
    {
      "name": "Joanne",
      "last": "Perkins",
      "gender": "female",
      "company": "COMTRAIL",
      "email": "joanneperkins@comtrail.com",
      "phone": "+44 (959) 597-2597",
      "registered": "2017-11-30 04:20:36",
      "staff": true
    },
    {
      "name": "Sloan",
      "last": "Phillips",
      "gender": "male",
      "company": "ISONUS",
      "email": "sloanphillips@isonus.com",
      "phone": "+44 (800) 459-2089",
      "registered": "2019-01-07 02:39:49",
      "staff": false
    },
    {
      "name": "Noble",
      "last": "Contreras",
      "gender": "male",
      "company": "SONGLINES",
      "email": "noble<script>@songlines.com",
      "phone": "+44 (845) 530-3313",
      "registered": "2017-09-07 04:31:02",
      "staff": true
    },
    {
      "name": "Walton",
      "last": "Lara",
      "gender": "male",
      "company": "ZILCH",
      "email": "waltonlara@zilch.com",
      "phone": "+44 (966) 434-3813",
      "registered": "2018-11-22 10:53:49",
      "staff": false
    },
    {
      "name": "Hodge",
      "last": "Thompson",
      "gender": "male",
      "company": "ASSITIA",
      "email": "hodge</script>@assitia.com",
      "phone": "+44 (980) 467-2735",
      "registered": "2019-04-22 05:11:40",
      "staff": false
    },
    {
      "name": "Donovan",
      "last": "Parrish",
      "gender": "male",
      "company": "ZENTHALL",
      "email": "donovanparrish@zenthall.com",
      "phone": "+44 (922) 584-2812",
      "registered": "2017-02-13 09:10:56",
      "staff": false
    },
    {
      "name": "Tran",
      "last": "Padilla",
      "gender": "male",
      "company": "COMVOY",
      "email": "tranpadilla@comvoy.com",
      "phone": "+44 (888) 478-2052",
      "registered": "2017-02-02 08:40:37",
      "staff": false
    },
    {
      "name": "Whitfield",
      "last": "Joseph",
      "gender": "male",
      "company": "TUBALUM",
      "email": "whitfieldjoseph@tubalum.com",
      "phone": "+44 (987) 502-2995",
      "registered": "2018-10-12 12:32:04",
      "staff": false
    },
    {
      "name": "Carol",
      "last": "Powers",
      "gender": "female",
      "company": "MEGALL",
      "email": "carolpowers@megall.com",
      "phone": "+44 (858) 483-3209",
      "registered": "2015-03-18 12:14:47",
      "staff": false
    },
    {
      "name": "Mcintyre",
      "last": "Carr",
      "gender": "male",
      "company": "TERSANKI",
      "email": "mcintyrecarr@tersanki.com",
      "phone": "+44 (952) 573-3382",
      "registered": "2017-11-05 07:15:16",
      "staff": false
    },
    {
      "name": "Clarissa",
      "last": "Buchanan",
      "gender": "female",
      "company": "DIGIFAD",
      "email": "clarissabuchanan@digifad.com",
      "phone": "+44 (951) 463-3241",
      "registered": "2016-04-09 11:22:35",
      "staff": false
    },
    {
      "name": "Jannie",
      "last": "Mcmillan",
      "gender": "female",
      "company": "IDEGO",
      "email": "janniemcmillan@idego.com",
      "phone": "+44 (865) 478-3636",
      "registered": "2016-06-20 05:29:33",
      "staff": false
    },
    {
      "name": "Lindsey",
      "last": "Travis",
      "gender": "male",
      "company": "FARMEX",
      "email": "lindseytravis@farmex.com",
      "phone": "+44 (856) 446-2400",
      "registered": "2015-08-17 05:54:41",
      "staff": true
    },
    {
      "name": "Stevenson",
      "last": "Wiley",
      "gender": "male",
      "company": "VIAGRAND",
      "email": "stevensonwiley@viagrand.com",
      "phone": "+44 (991) 452-2417",
      "registered": "2018-01-09 11:45:41",
      "staff": true
    },
    {
      "name": "Concetta",
      "last": "Garrison",
      "gender": "female",
      "company": "URBANSHEE",
      "email": "concettagarrison@urbanshee.com",
      "phone": "+44 (934) 527-2244",
      "registered": "2017-12-14 04:55:15",
      "staff": false
    },
    {
      "name": "Burks",
      "last": "Hyde",
      "gender": "male",
      "company": "COMVEX",
      "email": "burkshyde@comvex.com",
      "phone": "+44 (844) 595-2233",
      "registered": "2015-06-02 07:10:03",
      "staff": false
    },
    {
      "name": "Marquita",
      "last": "Knight",
      "gender": "female",
      "company": "KEGULAR",
      "email": "marquitaknight@kegular.com",
      "phone": "+44 (854) 497-2656",
      "registered": "2017-02-03 01:58:26",
      "staff": false
    },
    {
      "name": "Lindsay",
      "last": "Ayala",
      "gender": "male",
      "company": "NEOCENT",
      "email": "lindsayayala@neocent.com",
      "phone": "+44 (918) 529-3597",
      "registered": "2015-08-18 10:11:32",
      "staff": true
    },
    {
      "name": "Levy",
      "last": "Conley",
      "gender": "male",
      "company": "AQUACINE",
      "email": "levyconley@aquacine.com",
      "phone": "+44 (833) 562-3873",
      "registered": "2015-06-19 04:21:32",
      "staff": true
    },
    {
      "name": "Maxine",
      "last": "Montoya",
      "gender": "female",
      "company": "PLASMOX",
      "email": "maxinemontoya@plasmox.com",
      "phone": "+44 (930) 541-2860",
      "registered": "2015-01-28 03:52:58",
      "staff": true
    },
    {
      "name": "Mullen",
      "last": "Clark",
      "gender": "male",
      "company": "MANTRIX",
      "email": "mullenclark@mantrix.com",
      "phone": "+44 (981) 540-2124",
      "registered": "2016-02-12 12:05:15",
      "staff": false
    },
    {
      "name": "Buchanan",
      "last": "Ortiz",
      "gender": "male",
      "company": "KIDSTOCK",
      "email": "buchananortiz@kidstock.com",
      "phone": "+44 (911) 472-2888",
      "registered": "2018-11-13 10:40:18",
      "staff": true
    },
    {
      "name": "Mccall",
      "last": "Townsend",
      "gender": "male",
      "company": "TECHTRIX",
      "email": "mccalltownsend@techtrix.com",
      "phone": "+44 (960) 509-3359",
      "registered": "2014-09-14 06:28:22",
      "staff": true
    },
    {
      "name": "Mason",
      "last": "Bryan",
      "gender": "male",
      "company": "PLAYCE",
      "email": "masonbryan@playce.com",
      "phone": "+44 (953) 551-3769",
      "registered": "2014-09-18 02:25:17",
      "staff": false
    },
    {
      "name": "Duncan",
      "last": "Vaughan",
      "gender": "male",
      "company": "SUSTENZA",
      "email": "duncanvaughan@sustenza.com",
      "phone": "+44 (917) 478-3041",
      "registered": "2018-01-25 06:09:45",
      "staff": true
    },
    {
      "name": "Leanna",
      "last": "Hudson",
      "gender": "female",
      "company": "ZAPHIRE",
      "email": "leannahudson@zaphire.com",
      "phone": "+44 (907) 524-3161",
      "registered": "2016-08-24 12:04:35",
      "staff": true
    },
    {
      "name": "Warren",
      "last": "Charles",
      "gender": "male",
      "company": "TECHMANIA",
      "email": "warrencharles@techmania.com",
      "phone": "+44 (861) 499-3443",
      "registered": "2018-06-02 06:20:28",
      "staff": true
    },
    {
      "name": "Rollins",
      "last": "Mason",
      "gender": "male",
      "company": "PLASMOS",
      "email": "rollinsmason@plasmos.com",
      "phone": "+44 (991) 421-3658",
      "registered": "2016-07-24 11:35:23",
      "staff": true
    },
    {
      "name": "Mcleod",
      "last": "Williams",
      "gender": "male",
      "company": "ENTHAZE",
      "email": "mcleodwilliams@enthaze.com",
      "phone": "+44 (832) 434-2222",
      "registered": "2018-02-16 08:19:51",
      "staff": true
    },
    {
      "name": "Liz",
      "last": "Carney",
      "gender": "female",
      "company": "COGNICODE",
      "email": "lizcarney@cognicode.com",
      "phone": "+44 (922) 482-3774",
      "registered": "2016-03-12 06:46:44",
      "staff": true
    },
    {
      "name": "Johnston",
      "last": "Mckenzie",
      "gender": "male",
      "company": "INSURETY",
      "email": "johnstonmckenzie@insurety.com",
      "phone": "+44 (876) 422-3978",
      "registered": "2017-10-18 06:07:19",
      "staff": false
    },
    {
      "name": "Angelita",
      "last": "Gutierrez",
      "gender": "female",
      "company": "ANIVET",
      "email": "angelitagutierrez@anivet.com",
      "phone": "+44 (803) 439-3507",
      "registered": "2019-09-17 10:46:47",
      "staff": true
    },
    {
      "name": "Robbie",
      "last": "Fitzgerald",
      "gender": "female",
      "company": "QUONK",
      "email": "robbiefitzgerald@quonk.com",
      "phone": "+44 (843) 541-2141",
      "registered": "2014-09-22 09:56:05",
      "staff": true
    },
    {
      "name": "Celeste",
      "last": "Acosta",
      "gender": "female",
      "company": "CINASTER",
      "email": "celesteacosta@cinaster.com",
      "phone": "+44 (875) 469-2776",
      "registered": "2018-12-21 07:14:15",
      "staff": true
    },
    {
      "name": "Payne",
      "last": "Strickland",
      "gender": "male",
      "company": "KATAKANA",
      "email": "paynestrickland@katakana.com",
      "phone": "+44 (949) 483-2085",
      "registered": "2019-06-11 12:18:07",
      "staff": false
    },
    {
      "name": "Reid",
      "last": "Cook",
      "gender": "male",
      "company": "QOT",
      "email": "reidcook@qot.com",
      "phone": "+44 (941) 570-2622",
      "registered": "2015-01-23 09:42:21",
      "staff": false
    },
    {
      "name": "Carter",
      "last": "Cummings",
      "gender": "male",
      "company": "SLAMBDA",
      "email": "cartercummings@slambda.com",
      "phone": "+44 (966) 487-3016",
      "registered": "2016-07-18 12:15:50",
      "staff": true
    }
  ]