[{"firstname":"ISSAC","othernames":["WHITNEY","Donnelly"],"email":"ltukilwta@gmail.com","phone":"0953582340","address":{"street":"Wctdgzih","town":"Uncqbgswwcqkhwu","country":"San Marino"}},{"firstname":"ANDREAS","othernames":["RILEY","Kelly"],"email":"uwbybqwjkkmsbefy@gmail.com","phone":"08168526945","address":{"street":"Pvophaiwbn","town":"Erztifobxphravg","country":"Yemen"}},{"firstname":"ERICK","othernames":["RUSS","Casey"],"email":"bfriowaub@gmail.com","phone":"08060636633","address":{"street":"Ndhhntrnbw","town":"Farrjoqdlkqffofz","country":"Iran"}},{"firstname":"COLLIN","othernames":["MALCOLM","McGrath"],"email":"agsmugc@gmail.com","phone":"02895330337","address":{"street":"Llbikuk","town":"Avywmddoils","country":"Liberia"}},{"firstname":"ANDERSON","othernames":["BORIS","Sweeney"],"email":"zndzbikagrz@gmail.com","phone":"05062716977","address":{"street":"Dbekszyldj","town":"Jbixqluwnwdfdsbc","country":"Malta"}},{"firstname":"HARRISON","othernames":["MAC","Healy"],"email":"hgtiyjo@gmail.com","phone":"04415335353","address":{"street":"Rfdwluec","town":"Wryklfjcmpowa","country":"Norway"}},{"firstname":"ELLIS","othernames":["CAROL","Flynn"],"email":"vbihtbzfrxuqsxbxhi@gmail.com","phone":"08014414109","address":{"street":"Bjcpoidd","town":"Yspjquqhfocel","country":"Israel"}},{"firstname":"ANTONIA","othernames":["RODGER","Fitzgerald"],"email":"dbchwrajafd@gmail.com","phone":"02957791536","address":{"street":"Skuqxozkjf","town":"Blpytzon","country":"Czech Republic"}},{"firstname":"GALEN","othernames":["LEMUEL","Ryan"],"email":"xgvtnjslpnhkaqmk@gmail.com","phone":"06632177499","address":{"street":"Voapsxdq","town":"Jizrpjicopyx","country":"France"}},{"firstname":"ALI","othernames":["JEREMIAH","Stewart"],"email":"mxfmyadlt@gmail.com","phone":"06818693279","address":{"street":"Aieiiga","town":"Ibrbbsqmyigszr","country":"Cyprus"}},{"firstname":"ARMANDO","othernames":["MAN","MacMahon"],"email":"xyqrizrs@gmail.com","phone":"05218522058","address":{"street":"Mhyddrpeoes","town":"Eqbijjem","country":"Andorra"}},{"firstname":"DWIGHT","othernames":["WILSON","Kennedy"],"email":"dbmzobzxokllhknav@gmail.com","phone":"03025040173","address":{"street":"Fqqhixco","town":"Nihyhfwrg","country":"Brunei"}},{"firstname":"BENTON","othernames":["HUGH","Burns"],"email":"eminyalano@gmail.com","phone":"01711656041","address":{"street":"Tajfewseuvs","town":"Jqfqvmsrhfktqv","country":"Georgia"}},{"firstname":"STACEY","othernames":["LUKE","Fitzgerald"],"email":"mnwyynjtrxze@gmail.com","phone":"09904439662","address":{"street":"Jyljfebu","town":"Pznfqgrfcnrnusd","country":"Brunei"}},{"firstname":"RANDELL","othernames":["ROLAND","O’Mahony"],"email":"xlfvjycmksuuoqg@gmail.com","phone":"05517979972","address":{"street":"Oxwczwxmag","town":"Ksztczbeudwte","country":"United Arab Emirates"}},{"firstname":"RODRIGO","othernames":["BRYAN","McCarthy"],"email":"mrrysfhujgo@gmail.com","phone":"09518496099","address":{"street":"Eokrpgb","town":"Qgrewmvfb","country":"Guyana"}},{"firstname":"BENNY","othernames":["EMERSON","O’Keeffe"],"email":"zvwuijehgfmsyip@gmail.com","phone":"07995564956","address":{"street":"Asgwsyt","town":"Mkaqxrrsmjg","country":"Grenada"}},{"firstname":"VERNON","othernames":["WILBUR","Martin"],"email":"ztbqtknoleeucy@gmail.com","phone":"03601070323","address":{"street":"Svorbcosp","town":"Qcuymcbzuptcyvfv","country":"Sri Lanka"}},{"firstname":"OSWALDO","othernames":["CARROLL","Power"],"email":"zgfiuwnbg@gmail.com","phone":"01170643773","address":{"street":"Biqhceh","town":"Bgpwiqmnk","country":"Malawi"}},{"firstname":"RALPH","othernames":["MICAH","O’Dwyer"],"email":"belcrqjqih@gmail.com","phone":"09644095810","address":{"street":"Pzxweoz","town":"Ryndniblbzxotm","country":"Djibouti"}},{"firstname":"KING","othernames":["TONEY","Sheehan"],"email":"anveexrudxybjmjul@gmail.com","phone":"05675207606","address":{"street":"Uuldtucqlf","town":"Wjasdyflep","country":"Vatican City"}},{"firstname":"VINCENZO","othernames":["RUEBEN","Burke"],"email":"mumfgdh@gmail.com","phone":"09530523604","address":{"street":"Kghplnc","town":"Wzqhqiubvxmp","country":"Lebanon"}},{"firstname":"SETH","othernames":["NELSON","Wilson"],"email":"mrwuqofo@gmail.com","phone":"05262114082","address":{"street":"Zfxosrxbuig","town":"Pimyusnpc","country":"Finland"}},{"firstname":"SIMON","othernames":["JIMMIE","O’Farrell"],"email":"zlrlsokrlpft@gmail.com","phone":"07358589415","address":{"street":"Xqlbeqishe","town":"Aezyhldswuir","country":"Iraq"}},{"firstname":"DESMOND","othernames":["THOMAS","Murray"],"email":"xjjbiwilnbllsgzq@gmail.com","phone":"0107303058","address":{"street":"Rifrangrnhs","town":"Rwrrrwtplq","country":"Ireland"}},{"firstname":"LANDON","othernames":["KING","O’Brien"],"email":"eijjnyhzhlbgq@gmail.com","phone":"08089722784","address":{"street":"Igukkevu","town":"Xkiqgenzxce","country":"Lebanon"}},{"firstname":"CORY","othernames":["EDMUNDO","McGrath"],"email":"phdxlfzqq@gmail.com","phone":"0422504198","address":{"street":"Zgfbiuki","town":"Tspevlispqlazff","country":"Myanmar (Burma)"}},{"firstname":"EMILIO","othernames":["ALEC","Ryan"],"email":"yvoikpjdw@gmail.com","phone":"02851007824","address":{"street":"Bzwezxf","town":"Kgmehgttqmamj","country":"Japan"}},{"firstname":"CARLTON","othernames":["RUBEN","Regan"],"email":"szfxuorvtnmnbibnn@gmail.com","phone":"03462536745","address":{"street":"Pcqfhxgxav","town":"Pybwcgqdpmgfsf","country":"Mauritius"}},{"firstname":"ALFONZO","othernames":["CHRIS","Wilson"],"email":"szvxvxzsdgwwzwqn@gmail.com","phone":"09791213089","address":{"street":"Bqjemabx","town":"Dzpwtolr","country":"Turkmenistan"}},{"firstname":"EFRAIN","othernames":["AURELIO","Kane"],"email":"jkgvzlfllifd@gmail.com","phone":"06927083296","address":{"street":"Vsfolmvb","town":"Maqxcqcmrtciin","country":"Saint Vincent and the Grenadines"}},{"firstname":"ARTURO","othernames":["HOUSTON","Connolly"],"email":"ywkbfocuqkwksom@gmail.com","phone":"02555049306","address":{"street":"Soyepqhvx","town":"Hrpdjwmwf","country":"Finland"}},{"firstname":"LEIF","othernames":["BENNIE","Kelly"],"email":"bnsqczv@gmail.com","phone":"0442269002","address":{"street":"Airwbgyeevo","town":"Wyztnojtfpvtze","country":"Tuvalu"}},{"firstname":"NORMAND","othernames":["CONRAD","MacDermott"],"email":"jfozuejbnqejzagw@gmail.com","phone":"01174378105","address":{"street":"Apdkgmdgpnl","town":"Kiecghwiifo","country":"Cambodia"}},{"firstname":"BROCK","othernames":["DANNY","Healy"],"email":"himfyulaaaev@gmail.com","phone":"08802824141","address":{"street":"Tpvynustl","town":"Vzdiufyewbxs","country":"Guyana"}},{"firstname":"MICHEL","othernames":["BOBBIE","Molony"],"email":"gcgxpyktajgydqvu@gmail.com","phone":"01139057901","address":{"street":"Emglyzxqy","town":"Zwegydqbtxyequni","country":"Guyana"}},{"firstname":"ELBERT","othernames":["JEROLD","O’Mahony"],"email":"hlvjpalthvpwo@gmail.com","phone":"03533566185","address":{"street":"Jiryqxnvs","town":"Vtkhsbtibcvkfs","country":"Venezuela"}},{"firstname":"MILTON","othernames":["MATHEW","Healy"],"email":"kskpwsalxjvbmmog@gmail.com","phone":"02377267590","address":{"street":"Bziwif","town":"Foeghpav","country":"Taiwan"}},{"firstname":"pixie","othernames":"elf gnome","email":"fairy@fae.com","phone":"00000000","street":"goblin st","town":"the woods","country":"summatra"},{"firstname":"daf","othernames":"rewq","email":"elif","phone":"sdlknad","street":"lksndnf","town":".lk.nds","country":"remia"},{"firstname":"hertyuiop","othernames":"asdf ghjkl","email":".lrlrhrhnrag","phone":"lakndfga","street":"asl;gmf","town":"asslknmdgf","country":"burma"},{"firstname":"hejygvbksa","othernames":"aslkng","email":".laskngf","phone":"lknjkjassg","street":"laskngf","town":"la.ksnf","country":"lkangf"},{"firstname":".lknkasgdf","othernames":"/lkasmdgf","email":";lkaksmgd","phone":"gsdsadg","street":"asdgfg","town":"nifg","country":"malawi"}]